,보석십자수,미니어처,펀치 니들,3d펜,3d프린터,가죽공예,가방 만들기,양모펠트,프랑스 자수,스크래치 북,DIY,LED조명,무드등,칼림바,오르골,발난로,우산,캡슐 세제,전자저울,산소포화도 측정기,소음 측정기,거리 측정기,온습도계,적외선 온도계,높이 측정기,타이머,유수분 측정기,weekly view
0,29.224045324310378,,30.665531897439045,,,45.801815489119775,,,32.5242569871711,,33.03233548591927,44.85650027845378,45.05342917497046,,,,43.01302597747955,,,,,,,,,,,272.4
