,보석십자수,미니어처,펀치 니들,3d펜,3d프린터,가죽공예,가방 만들기,양모펠트,프랑스 자수,스크래치 북,DIY,LED조명,무드등,칼림바,오르골,발난로,우산,캡슐 세제,전자저울,산소포화도 측정기,소음 측정기,거리 측정기,온습도계,적외선 온도계,높이 측정기,타이머,유수분 측정기,weekly view
0,,,34.80258054331651,,,,,,32.4699283007921,39.44190724532122,39.222759698255516,,44.68371309116943,,32.047666561545626,,38.61501243384447,46.352074767471606,,,,,31.857384681071714,,,,,572.4
