,보석십자수,미니어처,펀치 니들,3d펜,3d프린터,가죽공예,가방 만들기,양모펠트,프랑스 자수,스크래치 북,DIY,LED조명,무드등,칼림바,오르골,발난로,우산,캡슐 세제,전자저울,산소포화도 측정기,소음 측정기,거리 측정기,온습도계,적외선 온도계,높이 측정기,타이머,유수분 측정기,ad,weekly view
0,4.192108213268679,,,,,,,,,5.158847443286003,4.847972089002372,4.0113577809695276,4.733802095043387,3.9260936667632302,,5.002029350118164,4.839421936733085,4.400785982036048,0,,,0,,,,,,1,5595.2
