,보석십자수,미니어처,펀치 니들,3d펜,3d프린터,가죽공예,가방 만들기,양모펠트,프랑스 자수,스크래치 북,DIY,LED조명,무드등,칼림바,오르골,발난로,우산,캡슐 세제,전자저울,산소포화도 측정기,소음 측정기,거리 측정기,온습도계,적외선 온도계,높이 측정기,타이머,유수분 측정기,weekly view
0,41.53419714408727,,,,,,,,,49.06787779420458,46.59794692185494,41.511003191398814,46.567081041047786,41.66084147504334,,48.25438582208244,54.181740729434004,45.39958898209243,0,,,0,,,,,,5727.2
