,보석십자수,미니어처,펀치 니들,3d펜,3d프린터,가죽공예,가방 만들기,양모펠트,프랑스 자수,스크래치 북,DIY,LED조명,무드등,칼림바,오르골,발난로,우산,캡슐 세제,전자저울,산소포화도 측정기,소음 측정기,거리 측정기,온습도계,적외선 온도계,높이 측정기,타이머,유수분 측정기,weekly view
0,,,42.50886286180266,,0,40.49889173802612,,,,,46.157663088788794,,34.44743403901741,46.839971307850334,,,48.21477221000579,37.1786921729895,,,,,,,,41.326085616028976,,973.4
