,보석십자수,미니어처,펀치 니들,3d펜,3d프린터,가죽공예,가방 만들기,양모펠트,프랑스 자수,스크래치 북,DIY,LED조명,무드등,칼림바,오르골,발난로,우산,캡슐 세제,전자저울,산소포화도 측정기,소음 측정기,거리 측정기,온습도계,적외선 온도계,높이 측정기,타이머,유수분 측정기,weekly view
0,55.85319252285363,49.449462033202416,,,,,53.83113258299814,,,57.394986909870745,47.10626770327479,,47.54905380814618,,,,57.14916209349449,,48.740750637529516,,,,,,,46.63274019859463,,3869.0
