,보석십자수,미니어처,펀치 니들,3d펜,3d프린터,가죽공예,가방 만들기,양모펠트,프랑스 자수,스크래치 북,DIY,LED조명,무드등,칼림바,오르골,발난로,우산,캡슐 세제,전자저울,산소포화도 측정기,소음 측정기,거리 측정기,온습도계,적외선 온도계,높이 측정기,타이머,유수분 측정기,weekly view
0,41.60462043683422,38.787235535539644,,,,38.975372200730455,,,,,38.53440507152858,,,35.65446167104163,43.79483362961761,,43.64937198423163,44.79449248507336,44.376099390115904,,,,34.922967333218054,,,,,1837.2
