,보석십자수,미니어처,펀치 니들,3d펜,3d프린터,가죽공예,가방 만들기,양모펠트,프랑스 자수,스크래치 북,DIY,LED조명,무드등,칼림바,오르골,발난로,우산,캡슐 세제,전자저울,산소포화도 측정기,소음 측정기,거리 측정기,온습도계,적외선 온도계,높이 측정기,타이머,유수분 측정기,weekly view
0,,,,,,,,,,,43.47978958582469,45.03937430805457,48.46977009079494,,0,44.96242642812035,55.391087746010655,50.307948362073155,,46.25182683651392,,,46.586064260511385,0,,44.888401824427774,,6128.4
