,보석십자수,미니어처,펀치 니들,3d펜,3d프린터,가죽공예,가방 만들기,양모펠트,프랑스 자수,스크래치 북,DIY,LED조명,무드등,칼림바,오르골,발난로,우산,캡슐 세제,전자저울,산소포화도 측정기,소음 측정기,거리 측정기,온습도계,적외선 온도계,높이 측정기,타이머,유수분 측정기,weekly view
0,,30.897987720410324,,,,,,,,,37.72000651498698,32.68903170662966,39.44957983270302,36.608744896932635,33.14357844975165,31.546989452318485,45.01643774198486,37.72414419175357,0,45.063493252675066,,,33.20678150425772,,,42.85004239363751,,8102.8
