,보석십자수,미니어처,펀치 니들,3d펜,3d프린터,가죽공예,가방 만들기,양모펠트,프랑스 자수,스크래치 북,DIY,LED조명,무드등,칼림바,오르골,발난로,우산,캡슐 세제,전자저울,산소포화도 측정기,소음 측정기,거리 측정기,온습도계,적외선 온도계,높이 측정기,타이머,유수분 측정기,weekly view
0,,,,,,,0,,,42.49480358550366,44.88640717111536,0,47.254374897991696,42.774601802338395,48.90857515553915,48.84339785668592,58.71680173721817,49.58284835823636,,,,,,,,52.06270331118032,,8909.8
