,보석십자수,미니어처,펀치 니들,3d펜,3d프린터,가죽공예,가방 만들기,양모펠트,프랑스 자수,스크래치 북,DIY,LED조명,무드등,칼림바,오르골,발난로,우산,캡슐 세제,전자저울,산소포화도 측정기,소음 측정기,거리 측정기,온습도계,적외선 온도계,높이 측정기,타이머,유수분 측정기,weekly view
0,,,,,,,,,,,47.32867701709378,,46.12580223090734,42.87274967619155,,46.36759356727948,62.195604194287554,48.60901038625614,,45.089228679238055,,,43.115365209228436,,,45.800633936041606,,12693.8
