,보석십자수,미니어처,펀치 니들,3d펜,3d프린터,가죽공예,가방 만들기,양모펠트,프랑스 자수,스크래치 북,DIY,LED조명,무드등,칼림바,오르골,발난로,우산,캡슐 세제,전자저울,산소포화도 측정기,소음 측정기,거리 측정기,온습도계,적외선 온도계,높이 측정기,타이머,유수분 측정기,weekly view
0,48.23343578006072,,,,,,,,,,42.522390926786436,48.91683737498022,43.69526748204037,,,,48.79385786802426,48.73318433017297,,,,,45.26625729766993,,,49.361972587459526,,2692.2
