,보석십자수,미니어처,펀치 니들,3d펜,3d프린터,가죽공예,가방 만들기,양모펠트,프랑스 자수,스크래치 북,DIY,LED조명,무드등,칼림바,오르골,발난로,우산,캡슐 세제,전자저울,산소포화도 측정기,소음 측정기,거리 측정기,온습도계,적외선 온도계,높이 측정기,타이머,유수분 측정기,weekly view
0,,,,,,46.35123137731417,,,46.26356141356776,,42.74863785172468,48.71918511232319,43.18792425622601,41.28446666222802,36.134926901416804,,49.5768690148929,,,,,,43.88383249500352,,,47.282061020174304,,1333.8
