,보석십자수,미니어처,펀치 니들,3d펜,3d프린터,가죽공예,가방 만들기,양모펠트,프랑스 자수,스크래치 북,DIY,LED조명,무드등,칼림바,오르골,발난로,우산,캡슐 세제,전자저울,산소포화도 측정기,소음 측정기,거리 측정기,온습도계,적외선 온도계,높이 측정기,타이머,유수분 측정기,weekly view
0,46.26615867340432,,,,,61.27753822677413,53.0305442562847,0,,,51.536966408770354,,54.306926302805685,46.682557047580204,52.78125593783848,,59.61791993814578,,,,,,,,,,,1311.4
