,보석십자수,미니어처,펀치 니들,3d펜,3d프린터,가죽공예,가방 만들기,양모펠트,프랑스 자수,스크래치 북,DIY,LED조명,무드등,칼림바,오르골,발난로,우산,캡슐 세제,전자저울,산소포화도 측정기,소음 측정기,거리 측정기,온습도계,적외선 온도계,높이 측정기,타이머,유수분 측정기,weekly view
0,47.44157300411147,52.417011323034075,40.669000571621766,,,29.36297829522627,,,,,49.873748332104974,,46.023012004243334,,48.663102792185946,,52.540850278376894,54.40637693730904,,,,,,,,,,10959.2
