,보석십자수,미니어처,펀치 니들,3d펜,3d프린터,가죽공예,가방 만들기,양모펠트,프랑스 자수,스크래치 북,DIY,LED조명,무드등,칼림바,오르골,발난로,우산,캡슐 세제,전자저울,산소포화도 측정기,소음 측정기,거리 측정기,온습도계,적외선 온도계,높이 측정기,타이머,유수분 측정기,weekly view
0,45.06857417592465,30.178565875829676,39.86534187200711,,,,41.77949861801431,,47.70831446358719,47.832327772670425,45.53764231721633,,,52.74601121691602,48.571575985126614,,46.99738347622153,,,,,,,,,,,7963.6
