,보석십자수,미니어처,펀치 니들,3d펜,3d프린터,가죽공예,가방 만들기,양모펠트,프랑스 자수,스크래치 북,DIY,LED조명,무드등,칼림바,오르골,발난로,우산,캡슐 세제,전자저울,산소포화도 측정기,소음 측정기,거리 측정기,온습도계,적외선 온도계,높이 측정기,타이머,유수분 측정기,weekly view
0,41.767735946587116,47.994920464483464,0,,,49.116977696355264,38.54809842584059,,42.52759780384854,,43.130716099773764,,45.38135090254639,,,,,,,,,,39.961544394134854,,,47.382552950268554,,2799.0
