,보석십자수,미니어처,펀치 니들,3d펜,3d프린터,가죽공예,가방 만들기,양모펠트,프랑스 자수,스크래치 북,DIY,LED조명,무드등,칼림바,오르골,발난로,우산,캡슐 세제,전자저울,산소포화도 측정기,소음 측정기,거리 측정기,온습도계,적외선 온도계,높이 측정기,타이머,유수분 측정기,weekly view
0,36.593947325702864,,36.02737744423237,40.056765541940635,,,41.61837723494652,40.646759564695174,37.377053466635594,0,43.24268419345765,,49.44713032251109,,0,,52.489605131981996,,0,,,,34.21033639384301,,,,,842.4
