,보석십자수,미니어처,펀치 니들,3d펜,3d프린터,가죽공예,가방 만들기,양모펠트,프랑스 자수,스크래치 북,DIY,LED조명,무드등,칼림바,오르골,발난로,우산,캡슐 세제,전자저울,산소포화도 측정기,소음 측정기,거리 측정기,온습도계,적외선 온도계,높이 측정기,타이머,유수분 측정기,weekly view
0,,44.96415227616731,32.9757616105842,,,,40.27179016268427,,37.96606032796272,,42.01443433719833,,0,43.08995051648294,,,42.04894661355528,,35.790475138962776,,,,,,,,,2646.6
