,보석십자수,미니어처,펀치 니들,3d펜,3d프린터,가죽공예,가방 만들기,양모펠트,프랑스 자수,스크래치 북,DIY,LED조명,무드등,칼림바,오르골,발난로,우산,캡슐 세제,전자저울,산소포화도 측정기,소음 측정기,거리 측정기,온습도계,적외선 온도계,높이 측정기,타이머,유수분 측정기,weekly view
0,49.55507220183742,36.6672793576619,0,,,31.691123320351537,42.86043090852149,,0,,44.819193313893635,,51.125652220489975,34.25756235467816,,,54.36648691301822,,,,,,,,,,,2359.8
