,보석십자수,미니어처,펀치 니들,3d펜,3d프린터,가죽공예,가방 만들기,양모펠트,프랑스 자수,스크래치 북,DIY,LED조명,무드등,칼림바,오르골,발난로,우산,캡슐 세제,전자저울,산소포화도 측정기,소음 측정기,거리 측정기,온습도계,적외선 온도계,높이 측정기,타이머,유수분 측정기,weekly view
0,40.56191681293408,,,,47.680770392266986,54.462247289448335,,,,,45.32426201245299,0,54.19123648840005,,,43.980145195601274,47.38511123869101,49.069771579907155,44.203455839436195,,,,,,,,,4563.6
