,보석십자수,미니어처,펀치 니들,3d펜,3d프린터,가죽공예,가방 만들기,양모펠트,프랑스 자수,스크래치 북,DIY,LED조명,무드등,칼림바,오르골,발난로,우산,캡슐 세제,전자저울,산소포화도 측정기,소음 측정기,거리 측정기,온습도계,적외선 온도계,높이 측정기,타이머,유수분 측정기,weekly view
0,45.204829915271425,54.39988575435176,,,,,0,,,,54.3546899860464,57.27489077419662,57.77619419694036,48.62585679759142,,,57.09203067072874,45.29388794124764,,,,,,,,,,5557.4
